{
  "rmse": 14.796846051631416,
  "mae": 10.001593710521362,
  "p": 2,
  "k": 12,
  "radius": null
}